{
    "total": 50,
    "results": [
        {"id": "1", "name": "Ulla F. Velasquez", "registered": "October 31st, 2012", "age": "16", "rating": "4", "postCount": "6136", "friendCount": "49"},
        {"id": "2", "name": "Sandra L. Diaz", "registered": "May 10th, 2012", "age": "69", "rating": "8", "postCount": "18675", "friendCount": "294"},
        {"id": "3", "name": "Carter R. Singleton", "registered": "February 9th, 2012", "age": "22", "rating": "7", "postCount": "14492", "friendCount": "13"},
        {"id": "4", "name": "Damon W. Moon", "registered": "March 17th, 2010", "age": "62", "rating": "7", "postCount": "11282", "friendCount": "23"},
        {"id": "5", "name": "Thor C. Glover", "registered": "December 29th, 2011", "age": "62", "rating": "3", "postCount": "6219", "friendCount": "262"},
        {"id": "6", "name": "Louis A. Mcbride", "registered": "July 2nd, 2011", "age": "39", "rating": "9", "postCount": "9672", "friendCount": "117"},
        {"id": "7", "name": "Kenneth J. Garrett", "registered": "October 26th, 2011", "age": "55", "rating": "2", "postCount": "821", "friendCount": "258"},
        {"id": "8", "name": "Roth X. Perez", "registered": "March 30th, 2013", "age": "17", "rating": "4", "postCount": "16186", "friendCount": "269"},
        {"id": "9", "name": "Althea Y. Finch", "registered": "July 9th, 2009", "age": "69", "rating": "7", "postCount": "797", "friendCount": "235"},
        {"id": "10", "name": "Teegan Q. Garrett", "registered": "April 28th, 2011", "age": "44", "rating": "10", "postCount": "13819", "friendCount": "289"},
        {"id": "11", "name": "Odysseus I. Bridges", "registered": "October 29th, 2010", "age": "29", "rating": "5", "postCount": "14533", "friendCount": "295"},
        {"id": "12", "name": "Logan V. Perry", "registered": "July 30th, 2009", "age": "38", "rating": "5", "postCount": "14938", "friendCount": "145"},
        {"id": "13", "name": "Rebekah J. Humphrey", "registered": "May 26th, 2010", "age": "62", "rating": "8", "postCount": "6686", "friendCount": "236"},
        {"id": "14", "name": "Hamilton O. Gonzalez", "registered": "January 4th, 2011", "age": "30", "rating": "7", "postCount": "3746", "friendCount": "241"},
        {"id": "15", "name": "Leilani T. Schmidt", "registered": "November 27th, 2009", "age": "32", "rating": "10", "postCount": "1504", "friendCount": "175"},
        {"id": "16", "name": "Germane O. Rasmussen", "registered": "November 20th, 2010", "age": "70", "rating": "5", "postCount": "7591", "friendCount": "116"},
        {"id": "17", "name": "Thor W. Beasley", "registered": "May 16th, 2010", "age": "55", "rating": "6", "postCount": "4586", "friendCount": "161"},
        {"id": "18", "name": "Denise H. Lee", "registered": "February 9th, 2013", "age": "51", "rating": "9", "postCount": "18078", "friendCount": "279"},
        {"id": "19", "name": "Kristen S. Atkinson", "registered": "December 17th, 2010", "age": "22", "rating": "9", "postCount": "9459", "friendCount": "139"},
        {"id": "20", "name": "Quinlan A. Lamb", "registered": "June 12th, 2010", "age": "21", "rating": "3", "postCount": "12121", "friendCount": "24"},
        {"id": "21", "name": "Orson L. Vazquez", "registered": "November 21st, 2012", "age": "51", "rating": "10", "postCount": "6737", "friendCount": "104"},
        {"id": "22", "name": "Jordan W. Leonard", "registered": "December 4th, 2012", "age": "58", "rating": "1", "postCount": "3604", "friendCount": "118"},
        {"id": "23", "name": "Victoria H. Anderson", "registered": "May 2nd, 2012", "age": "43", "rating": "1", "postCount": "124", "friendCount": "195"},
        {"id": "24", "name": "Sylvester C. Howard", "registered": "November 22nd, 2009", "age": "52", "rating": "10", "postCount": "2560", "friendCount": "235"},
        {"id": "25", "name": "Cynthia W. Oneil", "registered": "March 7th, 2013", "age": "70", "rating": "7", "postCount": "6621", "friendCount": "185"},
        {"id": "26", "name": "Leonard Y. Middleton", "registered": "April 12th, 2010", "age": "18", "rating": "2", "postCount": "17357", "friendCount": "254"},
        {"id": "27", "name": "Colin F. Witt", "registered": "September 1st, 2011", "age": "22", "rating": "10", "postCount": "11110", "friendCount": "197"},
        {"id": "28", "name": "Allen H. Leach", "registered": "January 24th, 2010", "age": "68", "rating": "10", "postCount": "8095", "friendCount": "174"},
        {"id": "29", "name": "Victoria I. Kim", "registered": "March 16th, 2010", "age": "23", "rating": "2", "postCount": "4169", "friendCount": "39"},
        {"id": "30", "name": "Rhea T. Klein", "registered": "June 18th, 2012", "age": "36", "rating": "2", "postCount": "14493", "friendCount": "144"},
        {"id": "31", "name": "Elaine H. Kelly", "registered": "December 7th, 2009", "age": "43", "rating": "5", "postCount": "11171", "friendCount": "199"},
        {"id": "32", "name": "Jelani H. Barron", "registered": "January 23rd, 2013", "age": "43", "rating": "6", "postCount": "12519", "friendCount": "130"},
        {"id": "33", "name": "Kevyn Z. Whitley", "registered": "April 6th, 2012", "age": "42", "rating": "5", "postCount": "7309", "friendCount": "197"},
        {"id": "34", "name": "Maryam U. Little", "registered": "March 27th, 2013", "age": "40", "rating": "1", "postCount": "10861", "friendCount": "255"},
        {"id": "35", "name": "Cecilia I. Coleman", "registered": "October 7th, 2011", "age": "41", "rating": "7", "postCount": "13068", "friendCount": "294"},
        {"id": "36", "name": "Cameron Q. Camacho", "registered": "March 18th, 2013", "age": "50", "rating": "2", "postCount": "19607", "friendCount": "41"},
        {"id": "37", "name": "Perry O. Klein", "registered": "July 2nd, 2012", "age": "31", "rating": "5", "postCount": "11914", "friendCount": "237"},
        {"id": "38", "name": "Veronica L. Tillman", "registered": "April 27th, 2013", "age": "48", "rating": "5", "postCount": "4292", "friendCount": "12"},
        {"id": "39", "name": "Jesse W. Patterson", "registered": "March 27th, 2013", "age": "52", "rating": "9", "postCount": "3902", "friendCount": "36"},
        {"id": "40", "name": "Latifah C. Rosario", "registered": "January 13th, 2010", "age": "57", "rating": "10", "postCount": "14938", "friendCount": "109"},
        {"id": "41", "name": "Blossom M. Mercado", "registered": "September 5th, 2011", "age": "64", "rating": "2", "postCount": "1071", "friendCount": "47"},
        {"id": "42", "name": "Lev Y. Mcmillan", "registered": "August 5th, 2011", "age": "45", "rating": "6", "postCount": "7614", "friendCount": "36"},
        {"id": "43", "name": "Wanda D. Maldonado", "registered": "June 24th, 2011", "age": "39", "rating": "3", "postCount": "597", "friendCount": "26"},
        {"id": "44", "name": "Carolyn F. Crawford", "registered": "February 9th, 2012", "age": "57", "rating": "1", "postCount": "6070", "friendCount": "145"},
        {"id": "45", "name": "Victor V. Wong", "registered": "January 8th, 2012", "age": "16", "rating": "7", "postCount": "6865", "friendCount": "276"},
        {"id": "46", "name": "Oliver B. Gutierrez", "registered": "October 2nd, 2010", "age": "32", "rating": "10", "postCount": "21140", "friendCount": "259"},
        {"id": "47", "name": "John Z. Golden", "registered": "December 21st, 2011", "age": "39", "rating": "10", "postCount": "2559", "friendCount": "263"},
        {"id": "48", "name": "Catherine Y. Carr", "registered": "September 28th, 2011", "age": "33", "rating": "4", "postCount": "3241", "friendCount": "25"},
        {"id": "49", "name": "Gray O. Holmes", "registered": "July 30th, 2011", "age": "31", "rating": "5", "postCount": "8250", "friendCount": "106"},
        {"id": "50", "name": "Alden G. Patrick", "registered": "December 7th, 2012", "age": "58", "rating": "1", "postCount": "6633", "friendCount": "21"}
    ]
}